tick,x,y,heading,bearing,distance,forward_cmd,turn_cmd,yaw_rate,reward,seed
1,0.5791203797498847,-0.0019115676170763929,-0.0194877739995718,-0.3013148307800293,7.968016253226004,0.48067493532306277,0.8835621110592323,-0.9745129346847534,0.015494571838953206,20000000
2,0.8064994399771765,-0.19590555934020307,-0.12363895028829575,-0.1825506091117859,7.691886926204131,0.41421284799741315,0.8775223871797647,-5.207558631896973,0.26612932702187275,20000000
3,0.94760131622853,-0.2219424685859313,-0.08925343304872513,-0.21928144991397858,7.549520350264602,0.2978968392228371,0.8586230609553359,1.719275951385498,0.13236657593952894,20000000
4,1.0491172306813628,-0.085323137449816,-0.06606604903936386,-0.26394784450531006,7.496013380038557,0.5757189355993441,0.9145521241205649,1.1593689918518066,0.04350697022604578,20000000
5,0.9581593922798328,-0.23845853861697655,-0.19563019275665283,-0.1112416461110115,7.534455931073898,0.5104122843930577,0.8960959399541703,-6.478207588195801,-0.04844255103534167,20000000
6,1.2528626638081655,-0.39923944937247413,-0.35623741149902344,0.058282315731048584,7.205238302775295,0.22823249046775035,0.7905854135296324,-8.03036117553711,0.31921762829860323,20000000
7,1.4139743676854726,-0.5932537919520363,-0.37416204810142517,0.09595894068479538,6.995633955462471,0.0830390368691584,0.8093855576592764,-0.8962302803993225,0.1996043473128244,20000000
8,1.5688761193674678,-0.3752599701251117,-0.33268728852272034,0.01799124665558338,6.911156773086083,0.46207153921986777,0.932899433819372,2.073737621307373,0.07447718237638747,20000000
9,1.4274531233533971,-0.4384423945354516,-0.45490628480911255,0.15499037504196167,7.026845363890949,0.5519535461634774,0.9082919530471129,-6.110949516296387,-0.12568859080486594,20000000
10,1.6288283407375643,-0.7225143124477119,-0.6766575574874878,0.4081210792064667,6.753857968200205,0.1846105681258777,0.8264197420292628,-11.087566375732422,0.2629873956907438,20000000
11,1.7620063827209973,-1.000495328192809,-0.7358056306838989,0.5027691721916199,6.555829447482152,-0.19042443613186766,0.7504758261420285,-2.957401990890503,0.18802852071805343,20000000
12,1.9335517748482236,-0.862348052621546,-0.6333457827568054,0.37321215867996216,6.423181734211541,0.29119530062147564,0.932796994211321,5.1229939460754395,0.12264771327061098,20000000
13,1.7414435462165765,-0.836156848295254,-0.7793980836868286,0.5229076743125916,6.615607135808118,0.6998188460914223,0.9017364759257581,-7.302615165710449,-0.2024254015965774,20000000
14,1.746581932044151,-1.2083941379078031,-1.0347659587860107,0.833276093006134,6.526073339346789,0.029350626296207372,0.8223520640736776,-12.768394470214844,0.0795337964613292,20000000
15,1.7539972544808562,-1.5633174407588968,-1.0782594680786133,0.9304201006889343,6.45706819730481,-0.4108831275466197,0.6755957558436566,-2.174675941467285,0.05900514204197883,20000000
16,1.988568184680151,-1.5073321845195016,-0.9549401998519897,0.7926749587059021,6.233951406518916,0.1853790231723516,0.9383077502173011,6.165963172912598,0.21311679078589463,20000000
17,1.9515836347477373,-1.3365889133041078,-1.019360065460205,0.8312948942184448,6.3001310931176,0.6533983041896136,0.8933591729548872,-3.220994710922241,-0.07617968659868456,20000000
18,1.7044566384026498,-1.5152725580557114,-1.2662042379379272,1.1121891736984253,6.513269688990248,0.009064679893824775,0.8889022494571451,-12.342206954956055,-0.22313859587264795,20000000
19,1.5757643325699986,-1.9616363842702507,-1.3702232837677002,1.2862131595611572,6.588099919957336,-0.40930856848714625,0.6638153913750487,-5.200954437255859,-0.08483023096708762,20000000
20,1.7788398559273977,-2.060609793911558,-1.2326589822769165,1.1614408493041992,6.377957421739109,-0.1859842935215058,0.9046942492271973,6.878215789794922,0.20014249821822694,20000000
21,1.858356100130693,-1.914213944931961,-1.2612894773483276,1.1660338640213013,6.31088311084782,0.5415799359141797,0.8855371489528493,-1.4315239191055298,0.05707431089128857,20000000
22,1.6340418998657738,-1.8229066969542926,-1.4068909883499146,1.3010045289993286,6.543234526849339,-0.07350477709004533,0.9080452198048912,-7.280074596405029,-0.242351416001519,20000000
23,1.4398277430868314,-2.2218959531787004,-1.5654796361923218,1.5218473672866821,6.707185226502701,-0.31136670437680203,0.8305586579114623,-7.929429531097412,-0.17395069965336174,20000000
24,1.3560547325401475,-2.3728616536757476,-1.577481985092163,1.5566154718399048,6.786052080312157,-0.487909963463459,0.8165094711855848,-0.6001226902008057,-0.08886685380945568,20000000
25,1.6362132590697094,-2.4044715183429686,-1.4912292957305908,1.4743221998214722,6.505345996388909,-0.12120820667621732,0.9252943004713897,4.312638282775879,0.27070608392324735,20000000
26,1.4560347087031003,-2.1515654666086963,-1.6123424768447876,1.5581085681915283,6.694437593296514,0.15772155214194378,0.9086031163473898,-6.055659770965576,-0.19909159690760458,20000000
27,1.2266254386457633,-2.399688021332162,-1.8121590614318848,1.795561671257019,6.914956480810404,-0.42953174220464196,0.8381404852026072,-9.990830421447754,-0.23051888751389016,20000000
28,0.9777230501972775,-2.5612209952565164,-1.8311101198196411,1.8376392126083374,7.1630591323439186,-0.6867805666280651,0.7034535037919601,-0.9475497007369995,-0.2581026515335145,20000000
29,1.3257933669114437,-2.6234739450378655,-1.745475172996521,1.7614713907241821,6.815708122098801,-0.22533721183527614,0.9078648483827833,4.281747817993164,0.3373510102451174,20000000
30,1.271431598609575,-2.3815858388563322,-1.8387219905853271,1.8193820714950562,6.870482766838984,-0.09305886242146187,0.8924762192019938,-4.662344932556152,-0.06477464474018312,20000000
31,1.0354198435259667,-2.4305783268506387,-2.040600538253784,2.028796434402466,7.1057046952259855,-0.5370659319046213,0.8483006060532174,-10.093921661376953,-0.2452219283870012,20000000
32,0.9788560041633848,-2.404568823677399,-2.090397834777832,2.0750558376312256,7.162616429317866,-0.7298929034331338,0.670957034009927,-2.4898674488067627,-0.0669117340918801,20000000
33,1.1223885149659478,-2.5501175006361163,-2.0649991035461426,2.0700809955596924,7.018331607421548,-0.5701851944447627,0.8741398039523214,1.2699298858642578,0.13428482189631796,20000000
34,1.2789957944929968,-2.545529760704387,-2.1122243404388428,2.116753578186035,6.861704084308911,-0.47579808952472574,0.8898976826938969,-2.361259698867798,0.14662752311263616,20000000
35,1.0117129696650096,-2.59443461427771,-2.178079605102539,2.189298391342163,7.129365193082046,-0.6895942770228433,0.8611010565110856,-3.2927603721618652,-0.2776611087731349,20000000
36,1.0480270960957865,-2.3642480680424693,-2.356524705886841,2.335350275039673,7.094192718691255,-0.580260910680934,0.8661507619630704,-8.922253608703613,0.02517247439079174,20000000
37,1.0851759292992194,-2.56107482701863,-2.297114610671997,2.303722381591797,7.055607611091686,-0.7604404993417332,0.6996887700172547,2.970507860183716,0.028585107599568678,20000000
38,1.2588769690320556,-2.3770421374640582,-2.280822515487671,2.2608578205108643,6.883124261420521,-0.3856380871551625,0.8634414246675236,0.8146002292633057,0.16248334967116462,20000000
39,1.1929668549548744,-2.1618845930793427,-2.4390599727630615,2.388357162475586,6.956602656782084,-0.4247399550952562,0.8259033757436786,-7.9118757247924805,-0.08347839536156275,20000000
40,1.060240788035196,-2.109326323987295,-2.548668622970581,2.4915127754211426,7.091969523034312,-0.8716624030531229,0.6085363560106994,-5.480425834655762,-0.1453668662522276,20000000
41,1.0479851422040298,-2.327187871677445,-2.4613637924194336,2.434967279434204,7.095116076456286,-0.8708989216689039,0.6895526502820544,4.365235328674316,-0.013146553421974119,20000000
42,1.2095593883456057,-2.2572985532651124,-2.4057023525238037,2.368617534637451,6.935838895092453,-0.5988743440818767,0.6109418251277325,2.7830810546875,0.14927718136383272,20000000
43,1.3449688026245097,-2.0261210615315854,-2.452195405960083,2.3804595470428467,6.813183699155934,-0.561426506268205,0.5484890514987053,-2.324662923812866,0.11265519593651942,20000000
44,1.2512657287922448,-1.9208675218863969,-2.527817964553833,2.44187068939209,6.914888035624499,-0.7691650730756056,0.6776800299967499,-3.781125068664551,-0.11170433646856569,20000000
45,1.3413706776851169,-1.9758112349283947,-2.555335283279419,2.4762797355651855,6.820561206606261,-0.8236210103378914,0.7022592844433625,-1.375862717628479,0.08432682901823864,20000000
46,1.425941434048953,-2.091107927439928,-2.444002866744995,2.3810386657714844,6.7280202614479405,-0.8269991864262742,0.7061945163551075,5.566619396209717,0.08254094515832013,20000000
47,1.6355976908119263,-1.7949242337130997,-2.5022947788238525,2.3921315670013428,6.544704733705775,-0.47232727468587304,0.5312001590971127,-2.9145984649658203,0.17331552774216585,20000000
48,1.5072991919560927,-1.7597647477648994,-2.604762315750122,2.4914774894714355,6.676123491860999,-0.7791006362091187,0.6526182307553077,-5.123378753662109,-0.14141875815522398,20000000
49,1.4189516738935206,-1.694194285760002,-2.7012252807617188,2.579793691635132,6.771541675151852,-0.8733829371606773,0.6914662102752824,-4.82313871383667,-0.10541818329085316,20000000
50,1.5464417778116508,-1.865380695277709,-2.603700637817383,2.5055856704711914,6.6260550998935575,-0.8701362218397779,0.6825450249559353,4.876229286193848,0.13548657525829433,20000000
51,1.7605835921360635,-1.801370433955152,-2.6250040531158447,2.5136983394622803,6.419771966604511,-0.590345215785912,0.4651327768050116,-1.0651741027832031,0.19628313328904645,20000000
52,1.7711892163986585,-1.71084656499737,-2.688955783843994,2.563452959060669,6.419933982483787,-0.7972783720507388,0.6401880557346145,-3.1975815296173096,-0.010162015879276112,20000000
53,1.6696506258900834,-1.566757330953832,-2.7280490398406982,2.582629680633545,6.540007193133868,-0.8380126196066391,0.6845913723456472,-1.954662561416626,-0.13007321065008104,20000000
54,1.833737036105872,-1.7732625064877512,-2.6402294635772705,2.5232455730438232,6.350295697873738,-0.7671514133277424,0.6563195201131772,4.390967845916748,0.17971149526012975,20000000
55,1.9847407567695197,-1.710146299227875,-2.6643364429473877,2.5344159603118896,6.208210289345777,-0.6500542736509696,0.4494360219038757,-1.2053437232971191,0.13208540852796147,20000000
56,2.0405594970951664,-1.5749355192204026,-2.7126283645629883,2.55981183052063,6.171996966612608,-0.7974389930023673,0.6460222796786149,-2.4145991802215576,0.026213322733169127,20000000
57,1.9914224909108713,-1.423120339843868,-2.780266284942627,2.6046197414398193,6.245298482406972,-0.806004849557457,0.6596670869521191,-3.3818893432617188,-0.08330151579436439,20000000
58,2.067314496350514,-1.6675979450106944,-2.6771764755249023,2.5386312007904053,6.132072903820374,-0.8250572103409856,0.6591578536083557,5.1544904708862305,0.1032255785865981,20000000
59,2.245841253439982,-1.6379962215163366,-2.679206609725952,2.531604528427124,5.959589282456146,-0.6203908524531319,0.4519029004441626,-0.10150697082281113,0.16248362136422823,20000000
60,2.382612478090196,-1.4248792931008731,-2.7387137413024902,2.5516977310180664,5.860198819535722,-0.7712473309814288,0.6050583352178981,-2.9753549098968506,0.08939046292042342,20000000
61,2.348271621416427,-1.2922557939560806,-2.8178210258483887,2.6098697185516357,5.919896539090789,-0.8056855954935687,0.6301278331240239,-3.9553635120391846,-0.06969771955506697,20000000
62,2.395778826783772,-1.4398438321191565,-2.7753846645355225,2.590465784072876,5.844492574055538,-0.850035822983641,0.653464471616778,2.1218087673187256,0.06540396503525138,20000000
63,2.501875355282335,-1.504621850719307,-2.699753522872925,2.5225446224212646,5.728464595663442,-0.7381665744858895,0.5438208387246395,3.781558036804199,0.10602797839209611,20000000
64,2.7489386505255116,-1.2728876702713605,-2.7544047832489014,2.528076410293579,5.532794402310382,-0.5966255342155958,0.4400771473353933,-2.732564687728882,0.18567019335305956,20000000
65,2.686858105446152,-1.1668169877751413,-2.8347737789154053,2.592524766921997,5.617806012100584,-0.7968477352525241,0.5936608610292847,-4.0184431076049805,-0.09501160979020205,20000000
66,2.759395542973867,-1.1650446984218605,-2.880828619003296,2.6351330280303955,5.547844699254704,-0.8592721473988353,0.6534865574599611,-2.3027422428131104,0.05996131284588003,20000000
67,2.787215151014414,-1.3407034546321546,-2.7374963760375977,2.5216591358184814,5.480577747445142,-0.8509101115090828,0.6411747893808513,7.1666154861450195,0.05726695180956277,20000000
68,3.093300621025386,-1.1366679983490888,-2.7849371433258057,2.518456220626831,5.231999564667021,-0.44776475049718095,0.41562469119010603,-2.372040271759033,0.23857818277812082,20000000
69,3.0212522904286856,-1.0443635714622457,-2.8551199436187744,2.5754826068878174,5.326273087486514,-0.7949981396415815,0.5640797558153791,-3.509143352508545,-0.10427352281949286,20000000
70,3.045418259862338,-0.9793376906706595,-2.896352767944336,2.6037166118621826,5.321443000918631,-0.8530565559905515,0.6515979182571527,-2.061636447906494,-0.005169913432117248,20000000
71,3.1158890243343413,-1.176229577349153,-2.7944979667663574,2.534213066101074,5.199890183854975,-0.8258177843590963,0.6302428344644071,5.092730522155762,0.11155281706365618,20000000
72,3.3566229667498133,-1.0449817588967296,-2.8397834300994873,2.5417678356170654,5.004604209870835,-0.5967554063802191,0.37536273617930593,-2.264263153076172,0.1852859739841397,20000000
73,3.3553349044304652,-0.900110966429677,-2.894427537918091,2.5690619945526123,5.05026172892235,-0.8154388817324039,0.5741730867691186,-2.7322096824645996,-0.05565751905151494,20000000
74,3.3644999984691237,-0.8018850403085185,-2.9390714168548584,2.5947842597961426,5.073884205389166,-0.8214198189252362,0.6211028169001183,-2.232199192047119,-0.033622476466815814,20000000
75,3.46641476271412,-1.0236706205303012,-2.871549367904663,2.5628106594085693,4.906191451338114,-0.8224644058569229,0.6171114392766617,3.376100778579712,0.15769275405105154,20000000
76,3.6718997539417026,-0.9736348426239205,-2.8887779712677,2.5567431449890137,4.72690862476232,-0.7131541938437455,0.40714166595621415,-0.8614205718040466,0.1692828265757942,20000000
77,3.7068735442208185,-0.7703477881120642,-2.948403835296631,2.5736265182495117,4.764461537264654,-0.7950558250368661,0.5449686146775355,-2.98130202293396,-0.04755291250233395,20000000
78,3.7280849755430867,-0.6454060708599433,-3.023682117462158,2.623018503189087,4.792064731956105,-0.8138341976035186,0.5909347964351662,-3.763911724090576,-0.03760319469145145,20000000
79,3.804462850431927,-0.8856388708707362,-2.9559104442596436,2.596583604812622,4.631994778745943,-0.8592226567652381,0.5964780741941135,3.388591766357422,0.15006995321016237,20000000
80,4.024930051101769,-0.905260959585265,-2.9413645267486572,2.568650722503662,4.4191039746033765,-0.7234803057694111,0.3817436637003221,0.7272919416427612,0.20289080414256655,20000000
81,4.093531610319846,-0.6831598837126264,-3.0163486003875732,2.591421604156494,4.442143021174489,-0.7556885547740844,0.4630406083315324,-3.7492055892944336,-0.03303904657111211,20000000
82,4.150243019335693,-0.5267880966943328,-3.1232852935791016,2.6611480712890625,4.458025879587946,-0.8337776939712982,0.5637801327863118,-5.346832275390625,-0.02588285841345716,20000000
83,4.145261861363528,-0.7921659646747843,-3.03182053565979,2.624819040298462,4.350773964013003,-0.8827303148042027,0.5353893768904117,4.573239803314209,0.09725191557494274,20000000
84,4.357456336548093,-0.85421424424893,-2.9910902976989746,2.5775487422943115,4.131439317774405,-0.6794618198522575,0.31704943956027937,2.0365116596221924,0.20933464623859765,20000000
85,4.543685854571951,-0.6466427086292956,-3.067702293395996,2.588752269744873,4.0529887317695845,-0.7077434280980002,0.3757462402993687,-3.8305978775024414,0.0684505860048208,20000000
86,4.596209530487366,-0.49201365210504033,3.091958999633789,2.672706365585327,4.080829881324687,-0.8372689771770293,0.5173500899899118,-6.176202774047852,-0.03784114955510209,20000000
87,4.638176393240186,-0.6767902745342353,3.1104354858398438,2.6895549297332764,3.9552725397710344,-0.8949823658665567,0.48808451058274677,0.9238189458847046,0.11555734155365217,20000000
88,4.742325469316098,-0.8008360791722148,-3.0564124584198,2.5893654823303223,3.805910157115422,-0.8164569628271408,0.4547482752731829,5.816871166229248,0.13936238265561252,20000000
89,5.062183347295621,-0.6544383615171521,-3.1131556034088135,2.5696494579315186,3.596732400254833,-0.5028037231581785,0.18664882618491418,-2.837155342102051,0.1991777568605888,20000000
90,5.051845167075831,-0.5199282324562137,3.0563979148864746,2.653418779373169,3.676780711871808,-0.8172355176331326,0.451166304921752,-5.681586742401123,-0.090048311616975,20000000
91,5.205286866084485,-0.6021197788757631,3.0127787590026855,2.6929876804351807,3.503320350758722,-0.89688822076747,0.4997916798951678,-2.180960178375244,0.16346036111308604,20000000
92,5.194232472998071,-0.7818344424352484,-3.1287176609039307,2.5971338748931885,3.4180727579766153,-0.869561380400128,0.46457626402002,7.084438323974609,0.07524759278210681,20000000
93,5.538843452362877,-0.7033778229881728,3.101191997528076,2.573896884918213,3.1700603704404084,-0.4674098464722178,0.2082352390349705,-2.663774013519287,0.2380123875362068,20000000
94,5.5187956416416055,-0.5804028863888105,3.03417706489563,2.6134445667266846,3.2579995947249545,-0.8273233520133443,0.4115024985479745,-3.3507466316223145,-0.09793922428454603,20000000
95,5.653611474374011,-0.5951226120558168,2.9888463020324707,2.6370689868927,3.1415102328574727,-0.8663738416920072,0.5236885572456478,-2.266538381576538,0.10648936186748183,20000000
96,5.658677169705845,-0.8316314882216007,3.083488941192627,2.603872776031494,2.9986621203935204,-0.8594051728520388,0.45683091058632225,4.732122421264648,0.13284811246395223,20000000
97,5.9375665201547365,-0.8119906262255732,3.046229839324951,2.5790395736694336,2.7842168583480538,-0.6541857747410693,0.2169512206487507,-1.8629460334777832,0.20444526204546665,20000000
98,5.997386117554245,-0.6369110088699929,2.992260217666626,2.5715129375457764,2.8493253404071472,-0.8271959884030237,0.4009806954080283,-2.698481798171997,-0.07510848205909347,20000000
99,6.10989886896819,-0.6148875589335904,2.9296443462371826,2.601503372192383,2.780685979391637,-0.8336983865004325,0.4739353119695056,-3.1307995319366455,0.058639361015510046,20000000
100,6.131009335278083,-0.9337818120183885,3.0048012733459473,2.6118969917297363,2.556774056770943,-0.8725680993831325,0.43745126535721185,3.7578539848327637,0.21391192262069425,20000000
101,6.361966145000481,-0.9882981324061265,3.0135037899017334,2.5605413913726807,2.3436704143837526,-0.7330336987847039,0.2411161471072578,0.43511635065078735,0.20310364238719036,20000000
102,6.474990753745631,-0.747889595344186,2.9462990760803223,2.5220913887023926,2.4279821944604367,-0.7701651367573475,0.33875722545901643,-3.3602356910705566,-0.09431178007668416,20000000
103,6.597899205047544,-0.6929150829152676,2.848318576812744,2.566784381866455,2.3870517275528917,-0.8294491535745667,0.4248367887585365,-4.899020195007324,0.03093046690754498,20000000
104,6.573809515198152,-1.0693674779238702,2.9472789764404297,2.5909042358398438,2.1314774416170956,-0.8944360811278692,0.3644356203397254,4.948013782501221,0.2455742859357961,20000000
105,6.810628246602068,-1.1801690900622273,2.9942259788513184,2.5019538402557373,1.8839363076804183,-0.684288807192998,0.17453967499911638,2.3473587036132812,0.2375411339366773,20000000
106,6.969418892574078,-0.9691386063151571,2.9174060821533203,2.443527936935425,1.9390022811828511,-0.6809946037985434,0.23793643338147744,-3.8409996032714844,-0.0650659735024328,20000000
107,7.131219032122999,-0.8602140190328817,2.8011314868927,2.4591405391693115,1.937889318229849,-0.8406089320266216,0.3763337009503353,-5.813727855682373,-0.008887037046997772,20000000
108,7.078868049252764,-1.2155927232818127,2.90291690826416,2.4947669506073,1.67760977090028,-0.8907101916829897,0.28060714651011304,5.0892744064331055,0.2502795473295689,20000000
109,7.294595263700854,-1.3568532357468583,2.9795737266540527,2.3639488220214844,1.433809744005544,-0.6475959247092006,0.17056244052162456,3.832839012145996,0.233800026894736,20000000
110,7.542062350284897,-1.2046301534050727,2.91044282913208,2.2305922508239746,1.440110293857415,-0.5533607992713251,0.16021963420509597,-3.4565441608428955,-0.01630054985187112,20000000
111,7.692255745965729,-1.1184038373235095,2.793225049972534,2.229930877685547,1.4662848857126711,-0.6431200062912883,0.5604761375164616,-5.860895156860352,-0.03617459185525606,20000000
112,7.687256323236813,-1.3345508738101073,2.8299825191497803,2.2492589950561523,1.264007708117192,-0.7317178882751645,0.4438647998248537,1.8378753662109375,0.19227717759547902,20000000
113,7.658325213070479,-1.4893581159167961,2.878617286682129,2.2735397815704346,1.1328884634876615,-0.43815899689118243,0.6220407909992699,2.431743860244751,0.12111924462953062,20000000
114,7.833414891249084,-1.6528172282661753,2.780231237411499,2.2746543884277344,0.9147657898103673,-0.36779848895428,0.643664522962875,-4.919310569763184,10.208122673677295,20000000
1,0.6161380701625717,-0.04584067202839185,-0.013636553660035133,2.9349379539489746,9.190871252916184,-0.827743898806822,0.719667865390226,-0.6819518804550171,-0.08168212771698456,20000001
2,0.8307082302187058,-0.009154668766825783,0.10339631885290146,2.8267083168029785,9.392603635059968,-0.8379940848667946,0.730263836496901,5.8516435623168945,-0.21173238214378487,20000001
3,0.7658342914364658,-0.11479761323964371,0.04973754659295082,2.867866277694702,9.352081871853644,-0.7630079376507575,0.7597797733790751,-2.68293833732605,0.030521763206324833,20000001
4,0.8036648817318532,-0.018446992632026246,0.061488524079322815,2.8670403957366943,9.368125049316545,-0.820471757796422,0.6597986104739101,0.5875488519668579,-0.026043177462901072,20000001
5,0.7404284760727301,0.09106767566596399,0.10241246223449707,2.8362061977386475,9.283633644257483,-0.8539581821131363,0.7290589936153694,2.046196937561035,0.07449140505906172,20000001
6,0.8989743213389161,0.1533068791122778,0.2373650223016739,2.711110830307007,9.426836366145201,-0.8167455187137004,0.7171173705524965,6.747627258300781,-0.1532027218877181,20000001
7,0.7794778398849169,-0.02897895318392836,0.09469912201166153,2.832181453704834,9.346724671951202,-0.7075305435862318,0.7358541309881866,-7.133295059204102,0.07011169419399878,20000001
8,0.7503691015584033,0.021811511350884348,0.019989686086773872,2.9115560054779053,9.30756389019932,-0.835276714010139,0.48537274139012504,-3.735471725463867,0.029160781751881755,20000001
9,0.8532961210476083,0.34115116331292755,0.1960068792104721,2.771254062652588,9.34760571763985,-0.8736116241582865,0.6699987953796684,8.800859451293945,-0.05004182744052898,20000001
10,0.7512161823748194,0.3165578430849766,0.20912909507751465,2.7536001205444336,9.25143374807419,-0.7262138120918998,0.7203492840059915,0.6561111807823181,0.08617196956565977,20000001
11,0.827520606940573,0.10187293017464684,0.1259322166442871,2.815690517425537,9.366802005279068,-0.7877029382469786,0.6813092156072402,-4.159843444824219,-0.125368257204878,20000001
12,0.7764526761339303,0.08216156692262723,0.04149571806192398,2.896965980529785,9.32071375425821,-0.8300572449028568,0.6177124390701411,-4.221825122833252,0.03608825102085845,20000001
13,0.7695347570690989,0.26968504136085153,0.1580137461423874,2.8000950813293457,9.277898305051158,-0.8603899157218039,0.6450887902552059,5.825901508331299,0.03281544920705116,20000001
14,0.5336827869900126,0.20165574127918456,0.1320417821407318,2.8139331340789795,9.059084577886802,-0.7750281599145674,0.7456294942669521,-1.298598289489746,0.2088137271643562,20000001
15,0.5076307755829087,0.020186775976171894,0.07632408291101456,2.849466562271118,9.070649655007498,-0.7782005596080586,0.6412787714775745,-2.7858848571777344,-0.021565077120696545,20000001
16,0.498934615728468,-0.06431835853101829,0.023377960547804832,2.8931174278259277,9.080642660328282,-0.8092224274963077,0.6525532229168467,-2.647306203842163,-0.019993005320783512,20000001
17,0.4421101040985755,0.17755449369924267,0.07346701622009277,2.8678901195526123,8.974038691854567,-0.8384069366775306,0.679535445573861,2.504452705383301,0.09660396847371523,20000001
18,0.22372177967286905,0.18467546580174365,0.06547139585018158,2.871723175048828,8.758673339702124,-0.8497733164854213,0.7238415605199773,-0.3997810184955597,0.20536535215244256,20000001
19,0.15895795325437764,0.010047612550381776,-0.005256691947579384,2.921363353729248,8.732644879932767,-0.7872547643707062,0.665678476826108,-3.5364041328430176,0.01602845976935697,20000001
20,0.15347347336635508,-0.1319336739081128,-0.07755941152572632,2.9777281284332275,8.760156016951923,-0.8178410266483546,0.6508831300525496,-3.61513614654541,-0.03751113701915564,20000001
21,0.15961479187807082,0.11627286994477046,-0.004775193054229021,2.932785987854004,8.710152373868132,-0.8380621388122796,0.6834445047919883,3.6392111778259277,0.0400036430837909,20000001
22,-0.0556318458735738,0.16269434262131263,0.0014000117080286145,2.9265804290771484,8.48995700556264,-0.8464364197043253,0.7471481111241288,0.30876025557518005,0.21019536830549135,20000001
23,-0.18402733954858083,0.031872536285465734,-0.0508577898144722,2.960362672805786,8.393645354138178,-0.7835476420757287,0.6789211952651688,-2.6128900051116943,0.08631165142446286,20000001
24,-0.2172161183993049,-0.14191965373953241,-0.15512606501579285,3.0435938835144043,8.403179716431888,-0.8059300144914734,0.6651678930131752,-5.213414192199707,-0.019534362293710077,20000001
25,-0.135937387462337,0.08508327393427081,-0.06961836665868759,2.986579656600952,8.428441248088435,-0.8436788355490423,0.6636965753090002,4.27538537979126,-0.03526153165654677,20000001
26,-0.31324251751890436,0.15305036974408948,-0.05492464080452919,2.9751341342926025,8.240494684362675,-0.8467561746341181,0.7650617767125705,0.7346864342689514,0.17794656372575957,20000001
27,-0.5432618253111503,0.07545910818479071,-0.0960579514503479,3.0005581378936768,8.034117830745906,-0.7907702561301801,0.6922977715844107,-2.0566654205322266,0.19637685361676893,20000001
28,-0.5705869062662154,-0.0846452279025683,-0.20338687300682068,3.0877480506896973,8.04679382645331,-0.7896199854174598,0.6601538136300156,-5.366446018218994,-0.0226759957074043,20000001
29,-0.5431408850702404,0.037239866690504976,-0.2000996619462967,3.099984645843506,8.043297890154898,-0.8508804248490837,0.6765643459955404,0.16436034440994263,-0.006504063701587839,20000001
30,-0.5920994093767494,0.1607570183612843,-0.10534602403640747,3.018813371658325,7.966932237450192,-0.8602268667285229,0.7421771886437425,4.737682342529297,0.0663656527047063,20000001
31,-0.9260921940497455,0.11591729474978284,-0.14798946678638458,3.0458784103393555,7.6526616650862715,-0.7649973635789981,0.7356762782922232,-2.132172107696533,0.3042705723639203,20000001
32,-0.9061111541555066,0.013610377918813917,-0.22603429853916168,3.1116509437561035,7.697318432354287,-0.7774581685552862,0.6477516941990358,-3.9022414684295654,-0.054656767268015154,20000001
33,-0.9667639711242637,0.03918610257975014,-0.27895963191986084,-3.1173791885375977,7.632172147786193,-0.8609495625000587,0.7203465794267186,-2.646267890930176,0.0551462845680939,20000001
34,-0.8887393905743586,0.21737634792802205,-0.14863906800746918,3.060549736022949,7.665182308474394,-0.8529427334987045,0.7217753105711506,6.51602840423584,-0.0430101606882014,20000001
35,-1.2517399809357288,0.19690512191311074,-0.19310274720191956,3.090994119644165,7.317094221834417,-0.7673779818012709,0.7391161791374088,-2.2231831550598145,0.3380880866399776,20000001
36,-1.2420524306642822,0.12228370493593796,-0.25761285424232483,-3.1372225284576416,7.344835715645763,-0.7794051166975772,0.6467290071781562,-3.2255051136016846,-0.037741493811346276,20000001
37,-1.2809481989699498,0.0796906883256176,-0.2929229140281677,-3.1088788509368896,7.318029547419161,-0.8598753820649843,0.7304581885942975,-1.7655043601989746,0.016806168226602088,20000001
38,-1.2130687195719756,0.3069702811704092,-0.19997362792491913,3.113712787628174,7.328984834122878,-0.8383325135386112,0.7300508701399716,4.647464752197266,-0.020955286703716818,20000001
39,-1.511844970387328,0.32110115577589704,-0.22439725697040558,3.1304996013641357,7.034944059677563,-0.8330442277225811,0.7565970152912872,-1.2211812734603882,0.28404077444531484,20000001
40,-1.5630268591053167,0.23721937048625322,-0.28171679377555847,-3.1087145805358887,7.0053701724889414,-0.7792100867172431,0.6653140125027529,-2.8659775257110596,0.019573887188621304,20000001
41,-1.5883798829932523,0.13586561462297428,-0.3351462185382843,-3.0701968669891357,7.006538286235758,-0.8440181482985906,0.7198839977280286,-2.6714704036712646,-0.011168113746816246,20000001
42,-1.5644452944242322,0.38792091083034935,-0.271983802318573,-3.0975358486175537,6.968404434000571,-0.8440533741208056,0.7344873812502372,3.15812087059021,0.028133852235186614,20000001
43,-1.7954758183161592,0.45846976850371124,-0.2581009268760681,-3.1089630126953125,6.7274282370554355,-0.8457986046242442,0.7433794394971199,0.6941422820091248,0.2309761969451356,20000001
44,-1.896739257359986,0.3876698696170629,-0.3122246563434601,-3.068631172180176,6.645188330816199,-0.7695926998119068,0.6853281927817007,-2.706186056137085,0.07223990623923605,20000001
45,-1.932447640507661,0.23784131492823743,-0.3968560993671417,-3.0071709156036377,6.647789103310965,-0.8351844789222929,0.7109313529329981,-4.231570243835449,-0.012600772494765202,20000001
46,-1.8519724691793131,0.4882098482811259,-0.3185994029045105,-3.046010732650757,6.665732785745312,-0.8520734427487348,0.7297000724297662,3.9128317832946777,-0.027943682434347077,20000001
47,-2.0567023468965173,0.5956723046080231,-0.30190718173980713,-3.05346417427063,6.442580257372033,-0.8465189771671116,0.7524631560083077,0.8346117734909058,0.21315252837327825,20000001
48,-2.2099347637802853,0.5620467739111251,-0.3403564691543579,-3.025390625,6.3003089152851075,-0.7809380509598934,0.6903563329210944,-1.9224627017974854,0.13227134208692592,20000001
49,-2.2825193375862427,0.3885895376834033,-0.4507777988910675,-2.9445154666900635,6.2708336093233665,-0.8195388219830523,0.7007713318972283,-5.521069526672363,0.01947530596174097,20000001
50,-2.1372792911803966,0.6013329786361309,-0.3518661558628082,-3.0053226947784424,6.3626471209017925,-0.8538852734552671,0.7142130896199168,4.945583343505859,-0.10181351157842598,20000001
51,-2.2922031122252657,0.7086722192023597,-0.3438399136066437,-3.0017611980438232,6.1887623631429785,-0.8351849970221169,0.7573212662170294,0.4013127088546753,0.16388475775881406,20000001
52,-2.5357306758544786,0.7322510501894637,-0.37492847442626953,-2.9750874042510986,5.945565944935021,-0.8030356533556999,0.6998841094338691,-1.554429054260254,0.23319641820795733,20000001
53,-2.6013413341171527,0.5746137005168525,-0.4760202467441559,-2.9023616313934326,5.916373228516587,-0.8011577563797708,0.6791639581607868,-5.054588317871094,0.019192716418434015,20000001
54,-2.542655286532746,0.708575039737678,-0.4684686064720154,-2.885685443878174,5.943741067100027,-0.8552775228824877,0.7257087600215699,0.37758269906044006,-0.03736783858343994,20000001
55,-2.5581537278604767,0.8341668705672812,-0.377999871969223,-2.9559106826782227,5.903305585750092,-0.8602000083643905,0.752736018756001,4.523436546325684,0.030435481349935463,20000001
56,-2.897260264007654,0.8902233382713588,-0.42170587182044983,-2.913965940475464,5.559745165189361,-0.7676334416259595,0.717829217403569,-2.185298442840576,0.3335604205607303,20000001
57,-2.907752688234717,0.781203970228129,-0.4911525249481201,-2.8640835285186768,5.5715417826928855,-0.7968422079195978,0.658112260816063,-3.472334146499634,-0.021796617503524233,20000001
58,-2.962581502843466,0.8387609546528214,-0.5496432781219482,-2.79748797416687,5.505936998286773,-0.8592834008495646,0.7504861124366979,-2.9245381355285645,0.05560478440611206,20000001
59,-2.848605423035719,0.9850371648740268,-0.4167262017726898,-2.9006235599517822,5.590138743831009,-0.8584970060435441,0.7414144237522544,6.645854949951172,-0.09420174554423542,20000001
60,-3.207472602839162,1.066130268448621,-0.45993947982788086,-2.8541369438171387,5.2226486699386445,-0.7332581583023716,0.6975978981100863,-2.1606638431549072,0.3574900738923643,20000001
61,-3.219955228777111,0.9829057087348322,-0.5187249183654785,-2.811453104019165,5.2253124269158615,-0.7944277333707681,0.6528248569669606,-2.939272880554199,-0.012663756977216991,20000001
62,-3.275611744395733,0.9640896141204854,-0.5687870979309082,-2.766979455947876,5.174250922840419,-0.8570306400351506,0.7516044732439978,-2.50311017036438,0.04106150407544252,20000001
63,-3.1592887937025513,1.155594916697124,-0.46960940957069397,-2.826122522354126,5.255646996051768,-0.8479326060843875,0.7418014661584722,4.958885192871094,-0.09139607321134878,20000001
64,-3.4426481447304327,1.2564769864580572,-0.49073174595832825,-2.7936739921569824,4.960476919282936,-0.8038986774105754,0.729682972343819,-1.0561153888702393,0.2851700767688319,20000001
65,-3.518506146152766,1.1843166231587179,-0.544062614440918,-2.757136583328247,4.896352053253825,-0.7882599563818993,0.6638801974493164,-2.6665444374084473,0.05412486602911116,20000001
66,-3.5791278638947066,1.1048421944468143,-0.6092067956924438,-2.710158348083496,4.849931916783027,-0.8418897909029428,0.7338406846930849,-3.257206678390503,0.03642013647079768,20000001
67,-3.4830583523187664,1.3289060028389112,-0.537936806678772,-2.7330405712127686,4.91061216299335,-0.8495312520012474,0.7452914854646752,3.5634992122650146,-0.07068024621032286,20000001
68,-3.6832515822747585,1.4680968864815962,-0.525783360004425,-2.721296787261963,4.695473962091565,-0.8240663946107845,0.7289470625847687,0.6076695919036865,0.20513820090178458,20000001
69,-3.8190760518062685,1.4055637568696326,-0.5826658010482788,-2.6811604499816895,4.567629174242277,-0.7757873763116034,0.67243955638585,-2.844123363494873,0.11784478784928855,20000001
70,-3.9001066944778295,1.2829579486410736,-0.6757016181945801,-2.617340326309204,4.504074494714662,-0.8313627408929545,0.7179051028865947,-4.65178918838501,0.05355467952761451,20000001
71,-3.7584352904283738,1.489418880368077,-0.5905731916427612,-2.653630018234253,4.618482252648933,-0.852987998027588,0.7445055099377232,4.256422996520996,-0.12440775793427082,20000001
72,-3.9225467691392573,1.6522600957093225,-0.579089879989624,-2.6324172019958496,4.4409275856397885,-0.8092205741763105,0.7235218715253579,0.5741652250289917,0.16755466700914456,20000001
73,-4.102004755365945,1.6435777681723682,-0.6231549382209778,-2.593325138092041,4.262567254030971,-0.7813919997137097,0.6761780316653903,-2.203253984451294,0.16836033160881736,20000001
74,-4.215208597815617,1.505014539256746,-0.731576681137085,-2.520139694213867,4.162631510969479,-0.814951699056266,0.7000907964456138,-5.421085834503174,0.08993574306149178,20000001
75,-4.040768174545427,1.6609220379560543,-0.6385605335235596,-2.5728583335876465,4.322389912640791,-0.8494250336132778,0.7371612045811924,4.650806427001953,-0.1697584016713114,20000001
76,-4.159557504631073,1.809879276992013,-0.6266939640045166,-2.551279067993164,4.195843933839461,-0.7894021044922286,0.7161605368260312,0.5933273434638977,0.1165459788013299,20000001
77,-4.4025823533047905,1.888838339705818,-0.6674741506576538,-2.492762804031372,3.950729339017207,-0.7860923228642449,0.6845159626816668,-2.0390093326568604,0.23511459482225372,20000001
78,-4.506135562956496,1.759809715633053,-0.7594558596611023,-2.434781074523926,3.851825770491149,-0.8002415040553287,0.6747751929058988,-4.599084854125977,0.0889035685260582,20000001
79,-4.412685637450753,1.8648202200355024,-0.7449892163276672,-2.421388626098633,3.9411498982340696,-0.8421717903866257,0.7424246890298014,0.7233319282531738,-0.09932412774292064,20000001
80,-4.395556380955046,1.9844368247342836,-0.6607151031494141,-2.475332021713257,3.9571295232810764,-0.8271816960150596,0.7412523836836982,4.213705062866211,-0.025979625047006787,20000001
81,-4.713300142445449,2.1294392398386934,-0.7062175869941711,-2.3895342350006104,3.6431520741627073,-0.7214868617891623,0.6685642426530595,-2.2751221656799316,0.3039774491183691,20000001
82,-4.759835927710048,2.028128437435854,-0.7713643312454224,-2.351961612701416,3.593388623894862,-0.7868209786578017,0.6498151058630486,-3.2573370933532715,0.03976345026784523,20000001
83,-4.778480050875256,2.0223464117103784,-0.8278869986534119,-2.2969608306884766,3.57464613838184,-0.6343626310182215,0.837905902872609,-2.8261351585388184,0.008742485513021822,20000001
84,-4.615789743895761,2.1741265896934316,-0.7108772993087769,-2.374141216278076,3.7428234166773042,-0.6368727933870442,0.8407323495790989,5.850484371185303,-0.17817727829546404,20000001
85,-4.939186809089063,2.315797555969053,-0.7636627554893494,-2.2747929096221924,3.4316738048074025,-0.6736193011872958,0.6484830412071237,-2.639273166656494,0.30114961186990175,20000001
86,-4.976767912036487,2.324131300315491,-0.7999931573867798,-2.2348814010620117,3.3951721682236466,-0.514348546432976,0.7793946340960933,-1.8165192604064941,0.026501636583755823,20000001
87,-5.034769945050106,2.154549473132725,-0.9401633739471436,-2.1436078548431396,3.3234091546940165,-0.5728000253059561,0.8420945913709397,-7.008510589599609,0.0617630135296301,20000001
88,-4.820469723737378,2.282524261411145,-0.8679792284965515,-2.1832549571990967,3.5466239718983417,-0.6442828400127631,0.8087192993735721,3.609208583831787,-0.23321481720432513,20000001
89,-4.7993162020648334,2.491459069060476,-0.9549882411956787,-2.0388238430023193,3.5924656434061335,-0.41729379780398107,0.8778161249625291,-4.35045051574707,-0.05584167150779184,20000001
90,-4.8665738175712,2.4438348880224345,-1.0368732213974,-1.9675103425979614,3.5191254158793424,-0.6448767234195301,0.8193674440188035,-4.094252109527588,0.06334022752679115,20000001
91,-5.016651405922405,2.4056728015600566,-1.157975196838379,-1.8515419960021973,3.3652828912962858,-0.5650790994094934,0.8407354921017369,-6.055098533630371,0.14384252458305657,20000001
92,-4.766748959870935,2.4572658722537843,-1.1059033870697021,-1.8985766172409058,3.61984917183551,-0.5534620316078253,0.8182184019857243,2.6035916805267334,-0.2645662805392244,20000001
93,-4.656643132154123,2.5918102269031604,-1.1689609289169312,-1.803978443145752,3.7491763267503493,-0.3310865065541741,0.8783863180809763,-3.152873992919922,-0.13932715491483916,20000001
94,-4.764245067505905,2.5415824806244993,-1.269521951675415,-1.7120709419250488,3.634806198232286,-0.555819687360651,0.8404549909020937,-5.028050899505615,0.10437012851806339,20000001
95,-4.913827884289005,2.6433699257074235,-1.3949939012527466,-1.5511282682418823,3.5055555903317677,-0.496862280627084,0.8359443665907434,-6.273601055145264,0.11925060790051824,20000001
96,-4.702355505152662,2.5621594125449145,-1.3794426918029785,-1.599324107170105,3.6991983116755582,-0.47012720430488963,0.8127152948512217,0.7775591611862183,-0.20364272134379058,20000001
97,-4.603318946775746,2.6280521889040647,-1.428770899772644,-1.537136435508728,3.8079214727695807,-0.2526711913336894,0.8783329905561322,-2.466407299041748,-0.11872316109402246,20000001
98,-4.628807946412574,2.5622061484152425,-1.4979345798492432,-1.4839811325073242,3.771799341861207,-0.3881066048070692,0.8457136908183861,-3.4581832885742188,0.026122130908373682,20000001
99,-4.725181764965517,2.730248604823359,-1.6420927047729492,-1.2909259796142578,3.7078018012719727,-0.36198019075180216,0.8526624682151283,-7.2079057693481445,0.053997540589234345,20000001
100,-4.7005267785243205,2.5097723875771973,-1.703178882598877,-1.2896671295166016,3.692876529009444,-0.3865250152045326,0.793715099243753,-3.054309368133545,0.004925272262528821,20000001
101,-4.572909200170595,2.5138059058638063,-1.724114179611206,-1.2726389169692993,3.8197118185979226,-0.23707347042480023,0.8591322499649436,-1.0467636585235596,-0.1368352895884788,20000001
102,-4.444415960225544,2.5645900131249744,-1.7899010181427002,-1.198833703994751,3.954316590956683,-0.08814729485654572,0.8367428058059906,-3.2893447875976562,-0.14460477235876046,20000001
103,-4.550909944490492,2.5898126232763437,-1.9510924816131592,-1.0269640684127808,3.853124481898652,-0.2286479033176926,0.8174192822666758,-8.059574127197266,0.09119210905803123,20000001
104,-4.794273491822832,2.531977674699492,-2.1595661640167236,-0.8233304619789124,3.603634161595872,-0.19988828194389177,0.768750607973976,-10.42368221282959,0.23949032030278006,20000001
105,-4.604151128055396,2.335777520201831,-2.0825085639953613,-0.95982825756073,3.767014529889995,-0.08179333813190395,0.7189411578818166,3.8528831005096436,-0.1733803682941233,20000001
106,-4.362805587359115,2.346283918042679,-2.1462132930755615,-0.8994818329811096,4.00823592347803,0.6516737124946176,0.7657796115715674,-3.185236930847168,-0.25122139358803497,20000001
107,-4.610714782623926,2.202807746019667,-2.2154791355133057,-0.861979067325592,3.749619167217024,-0.012096839682056848,0.7596523086349609,-3.4632904529571533,0.2486167562610062,20000001
108,-4.820448992276766,2.268359969549312,-2.4058985710144043,-0.6493149399757385,3.54539456676841,0.2503974735387577,0.8227910239521327,-9.520978927612305,0.1942246004486139,20000001
109,-4.783714925252105,2.0827688086590825,-2.4014956951141357,-0.7064085602760315,3.5709362794084996,0.09244121422020164,0.6889244382777601,0.2201428860425949,-0.035541712640089644,20000001
110,-4.591559357932378,1.9549362881022294,-2.4708447456359863,-0.6727568507194519,3.761073290374718,0.5429090711837536,0.7685533710769862,-3.467456102371216,-0.2001370109662186,20000001
111,-5.035983061544249,1.8615900190219021,-2.4594385623931885,-0.7125676870346069,3.318176525207868,0.16929752335509687,0.7159362058330663,0.5703098177909851,0.43289676516685005,20000001
112,-5.062434335329779,1.950844859258229,-2.659151554107666,-0.4859811067581177,3.290211339525986,0.7011612653893958,0.7700290937156878,-9.985648155212402,0.017965185681881886,20000001
113,-5.155690179238659,1.806875083133973,-2.7470149993896484,-0.4432164132595062,3.200720139976633,0.0928173296694171,0.6027834890427589,-4.39316463470459,0.07949119954935326,20000001
114,-5.125010186570655,1.676201600816257,-2.7783408164978027,-0.45172086358070374,3.240287065377234,0.3312286654495347,0.7063747407224584,-1.5662901401519775,-0.04956692540060125,20000001
115,-5.377194987544242,1.633050953841972,-2.77032470703125,-0.48153942823410034,2.9936125116701273,0.5236596866254228,0.7065932372512963,0.4007995128631592,0.23667455370710688,20000001
116,-5.455995258691939,1.6535894656956704,-2.9128847122192383,-0.3349485397338867,2.9130542923573803,0.7427387459841893,0.7438974730972299,-7.12800407409668,0.07055821931274699,20000001
117,-5.654797114467526,1.6925392811610778,-3.092155694961548,-0.1491682529449463,2.7113004961844225,0.3251878190929364,0.6104787453956249,-8.963540077209473,0.19175379617295785,20000001
118,-5.694499016616578,1.6260904696499994,-3.1215806007385254,-0.1458989381790161,2.679328350970541,0.2563366933442097,0.5235286047841429,-1.4712483882904053,0.021972145213881474,20000001
119,-5.789519980300221,1.5133109787436725,-3.107609510421753,-0.20747050642967224,2.6021667365458008,0.6387307001828822,0.6727269016847817,0.698559582233429,0.06716161442474024,20000001
120,-5.831004488893871,1.5438743361477516,-3.1307339668273926,-0.1753699630498886,2.556132137594082,0.7630244835982269,0.6777882703596121,-1.1562260389328003,0.03603459895171857,20000001
121,-5.868919256590188,1.7631934391604236,3.0101585388183594,0.051363006234169006,2.4916891145487376,0.6929920114672373,0.6807958459900885,-7.114641189575195,0.05444302304534455,20000001
122,-5.96046956632783,1.8644183554003837,3.011129379272461,0.08948785811662674,2.3941650827452308,0.46752655205976534,0.5284309815840482,0.0485459603369236,0.08752403180350689,20000001
123,-6.049046082027232,1.691784386446805,3.027040719985962,-0.002427878323942423,2.3194307510463017,0.7859981609435637,0.6915253121184646,0.7955619096755981,0.06473433169892907,20000001
124,-6.447349968778293,1.7935335311932856,2.8507652282714844,0.2023792862892151,1.9127520267299556,0.7491704039475846,0.6544423334041659,-8.813779830932617,0.3966787243163461,20000001
125,-6.6060617405656314,2.0299468203613973,2.7204337120056152,0.45976096391677856,1.7478654121971693,0.061678875384241307,0.4236193981693504,-6.516573905944824,0.1548866145327863,20000001
126,-6.802360982421995,2.0091488834361444,2.6797525882720947,0.49192675948143005,1.5509659946159267,0.34109446701828433,0.47706691357428965,-2.034055233001709,0.18689941758124262,20000001
127,-6.885750523274271,1.9338488717435767,2.6793735027313232,0.4426945745944977,1.4671541706325504,0.4563786118093862,0.6255873145531319,-0.01894887164235115,0.07381182398337628,20000001
128,-6.88291068685738,1.8214568829751199,2.6910786628723145,0.3548455834388733,1.4764658452770192,0.6508262535949016,0.6294447795164382,0.5852577686309814,-0.019311674644468806,20000001
129,-6.871545579209633,1.9662407432341074,2.557349681854248,0.5867736339569092,1.4810842213449629,0.7259604679571116,0.6061977464454976,-6.68644905090332,-0.014618376067943686,20000001
130,-6.899677182606369,2.068494492183729,2.570018768310547,0.6444013118743896,1.4568095067722358,0.2682534547404618,0.3441751146789602,0.6334521174430847,0.014274714572727118,20000001
131,-7.083751220358594,2.0606836771987296,2.493861675262451,0.7249615788459778,1.272667400427514,0.6983312104196403,0.6570365672419631,-3.807856559753418,0.17414210634472171,20000001
132,-7.2554597217505465,2.208599271655382,2.46962833404541,0.8926231861114502,1.1244288734715624,0.17653370928652728,0.48248155656318514,-1.211660385131836,0.13823852695595162,20000001
133,-7.2012656538958755,2.285432492457523,2.3716044425964355,1.0434472560882568,1.1957920727899305,0.3539387363046505,0.6549573720922024,-4.9011969566345215,-0.08136319931836809,20000001
134,-7.356900727253215,2.587336863844387,2.223592758178711,1.478414535522461,1.1755413030274424,-0.008180835290092522,0.3573963327055488,-7.4005842208862305,0.010250769762488074,20000001
135,-7.321960937027584,2.5222441867382486,2.26100754737854,1.3781139850616455,1.1728556693845176,-0.5335658383889056,0.20324551946367556,1.8707331418991089,-0.007314366357075155,20000001
136,-7.404677247751878,2.530528530853233,2.2514002323150635,1.4300434589385986,1.105110819150636,0.2975330861408527,0.6400724314162624,-0.4803652763366699,0.057744850233881546,20000001
137,-7.494158527399619,2.4329393057454247,2.2008538246154785,1.442051649093628,0.9789202883239116,-0.07899244800753934,0.5883560335920991,-2.5273184776306152,10.116190530826724,20000001
1,0.6544315819851225,0.03407638543973725,0.0359237901866436,-0.9949468374252319,6.528707430578259,0.260916837097438,0.8590191965907702,1.796065330505371,0.021216867147700887,20000002
2,0.8132282802140928,-0.08272404291378664,-0.04632134735584259,-0.9226219654083252,6.342202938710792,0.32784077439750847,0.8841540794325383,-4.11225700378418,0.17650449186746697,20000002
3,0.9730290784846254,-0.08639609465667161,-0.09851424396038055,-0.891173243522644,6.250046266796269,0.05430519893054629,0.832744482714063,-2.609644651412964,0.08215667191452326,20000002
4,0.9951820911349729,-0.05324215724354006,-0.10165948420763016,-0.893887996673584,6.265704791187966,0.06511132558212522,0.8553832970391427,-0.15726207196712494,-0.02565852439169735,20000002
5,1.2547715956078211,-0.1807530329984053,-0.11520842462778091,-0.9050019383430481,6.019318448883961,0.24654197430668304,0.8670630601405253,-0.6774470806121826,0.2363863423040049,20000002
6,1.2074960041117972,-0.4487089989936848,-0.3279961347579956,-0.661190927028656,5.818495259240687,0.19087418446769783,0.9088544782137327,-10.639385223388672,0.19082318964327416,20000002
7,1.3111510017067716,-0.4526595800889157,-0.3607231080532074,-0.6431273221969604,5.758868468284977,-0.07345748085205506,0.7401430178044867,-1.6363496780395508,0.04962679095571044,20000002
8,1.4585332123365438,-0.3803956121592196,-0.4107455015182495,-0.6215144395828247,5.7429909774757535,0.21943326298548704,0.8904459928959587,-2.5011181831359863,0.005877490809223182,20000002
9,1.866016262803731,-0.05668656545331142,-0.21204492449760437,-0.9087375998497009,5.834738695329875,0.12158179828223574,0.8726319102385969,9.935027122497559,-0.10174771785412172,20000002
10,2.0034352723723354,-0.3449142856129629,-0.38509848713874817,-0.7353876233100891,5.515432611858709,0.6486109260905893,0.7841451007374642,-8.652678489685059,0.30930608347116606,20000002
11,1.9114934490889763,-0.4816480247355567,-0.4775993227958679,-0.6166998147964478,5.434209937792429,-0.019074415826004,0.7935878636166156,-4.625041961669922,0.07122267406628048,20000002
12,2.05847764628842,-0.5966448289122814,-0.545207142829895,-0.5638813376426697,5.265181626159499,0.13602247795160705,0.8568243618696597,-3.3803906440734863,0.15902831163293007,20000002
13,2.612489410825817,-0.14288109975906058,-0.33316296339035034,-0.9039208889007568,5.46937392066486,0.15227509439811102,0.8953802637347995,10.602209091186523,-0.21419229450536137,20000002
14,2.95125048997347,-0.4069432382560071,-0.42138901352882385,-0.8613827228546143,5.114253932576958,0.5838081244688577,0.7660036389895626,-4.411302089691162,0.34511998808790234,20000002
15,2.7051090934192175,-0.6235110623557645,-0.5387928485870361,-0.6842653751373291,4.985411464035718,0.01826740653098009,0.8930395306194036,-5.8701887130737305,0.11884246854123927,20000002
16,2.820671991571877,-0.7629581751979291,-0.6183241605758667,-0.6174284219741821,4.81531819488383,0.10345849789758177,0.836080964958694,-3.976569652557373,0.16009326915188793,20000002
17,2.9092977964574143,-1.1005370698843602,-0.6835622787475586,-0.5460790991783142,4.467452391376737,0.10632549272417174,0.8885261601859364,-3.2619030475616455,0.3378658035070934,20000002
18,3.068376344251818,-1.1440415223227134,-0.8241541385650635,-0.43642812967300415,4.375325503059885,0.25053323805734445,0.918016125542198,-7.029595375061035,0.08212688831685157,20000002
19,2.8488767402258994,-1.2286924175912273,-0.863447904586792,-0.34333986043930054,4.368038833689791,-0.04697057879425407,0.8308258787816143,-1.9646878242492676,-0.002713330629905855,20000002
20,2.699564049782819,-1.2099308779804598,-0.7227300405502319,-0.45413699746131897,4.440717445135398,0.36812317913492865,0.9093235245349769,7.035894870758057,-0.08267861144560683,20000002
21,2.404380458861754,-1.761384934526983,-1.350208044052124,0.292491614818573,4.0736801733729795,0.7974137081440098,0.819841389955281,-31.3739013671875,0.3570372717624186,20000002
22,2.3454719279146334,-1.4859487982706996,-1.3133488893508911,0.23631960153579712,4.343376281770127,-0.8491925990334539,0.2262762202744491,1.8429529666900635,-0.27969610839714787,20000002
23,2.2465708060510594,-1.7168888215484435,-1.341340184211731,0.3112183213233948,4.191505461780176,0.6621668197711853,0.8782050033157339,-1.3995610475540161,0.1418708199899512,20000002
24,2.2936152505454293,-1.4946910401308764,-1.3725577592849731,0.3069505989551544,4.360539997540386,0.5027906771538398,0.9261922652149854,-1.5608779191970825,-0.17903453576020945,20000002
25,2.0581865373036865,-1.9261909164192286,-1.6340479850769043,0.6693578362464905,4.117833639823681,0.3354209416381035,0.8772061436012651,-13.074516296386719,0.23270635771670434,20000002
26,1.8028614353524812,-2.196477343040769,-1.791487216949463,0.9165835976600647,4.057488133554127,-0.3451826938015184,0.6626121294183285,-7.871955871582031,0.05034550626955415,20000002
27,1.8252365550060332,-2.3838842802780085,-1.7790684700012207,0.9305656552314758,3.9006720094613967,-0.08218285683568026,0.8275636680126834,0.6209335327148438,0.14681612409273037,20000002
28,2.0366554361072846,-2.33097807231741,-1.7895944118499756,0.8901956081390381,3.8055243978155713,0.4047136354579094,0.9073919999116892,-0.5262975096702576,0.08514761164582542,20000002
29,2.0185185267273233,-2.210131155807955,-1.8584449291229248,0.943458080291748,3.9118997431834894,0.2158042372411605,0.8751325079750174,-3.4425220489501953,-0.11637534536791815,20000002
30,1.476444262766076,-2.4896013720071126,-2.171745777130127,1.4048949480056763,4.065487337028586,0.019095919614429444,0.8665255165608479,-15.665046691894531,-0.16358759384509614,20000002
31,1.7632494931522373,-2.6979364377968746,-2.0326642990112305,1.2526265382766724,3.7147243987096434,-0.738855935435879,0.4651409922465221,6.954079627990723,0.3407629383189421,20000002
32,1.691069128252052,-2.4530357911170864,-2.118095636367798,1.3067519664764404,3.940207294158288,0.5966179040022692,0.8027833488416266,-4.271568775177002,-0.23548289544864454,20000002
33,1.764331539336962,-2.4665891884865383,-2.1421356201171875,1.319503903388977,3.8801824257640214,-0.21440866568408878,0.831751942696288,-1.2020020484924316,0.05002486839426657,20000002
34,1.1971097186138009,-2.589470264579193,-2.206925868988037,1.5033016204833984,4.205743469614599,-0.09722903134582933,0.8653353276403766,-3.2395124435424805,-0.3355610438505774,20000002
35,1.4557817245908928,-2.4179471600588363,-2.4591658115386963,1.683293342590332,4.130253274347849,-0.029698180617585876,0.8700229856811372,-12.611995697021484,0.06549019526674972,20000002
36,1.52097680274231,-2.397177425868629,-2.346081018447876,1.5554510354995728,4.098708520109303,-0.764375409308251,0.5311181832605685,5.654239177703857,0.021544754238545634,20000002
37,1.6228522013428992,-2.1988155534079072,-2.4432568550109863,1.6018218994140625,4.17342948890552,0.5476831798688291,0.7672364129057526,-4.858792304992676,-0.0847209687962167,20000002
38,1.166783353945,-2.1885647441588287,-2.645719289779663,1.8784434795379639,4.49735494013509,-0.49225777343701205,0.7744904997410921,-10.123125076293945,-0.3339254512295702,20000002
39,1.2780390136955315,-2.2714456676030883,-2.581200122833252,1.8098934888839722,4.3597740185393965,-0.6974737560502788,0.5726858054624776,3.2259602546691895,0.12758092159569379,20000002
40,1.2996939816785955,-2.282485197219947,-2.5668509006500244,1.7938885688781738,4.33655798543416,0.0386547565990664,0.7867282869461519,0.7174651622772217,0.013216033105236455,20000002
41,1.3403925107589079,-1.82195598580836,-2.555229425430298,1.705063819885254,4.642822315671959,-0.20336864433556134,0.8258223106658296,0.5810645818710327,-0.31626433023779854,20000002
42,0.8023485999266823,-1.5217903951008527,-3.0482330322265625,2.237525701522827,5.22746555331774,0.10640569324055395,0.764885912452286,-24.650178909301758,-0.5946432376457811,20000002
43,0.9662250084192091,-1.4490814326966295,-3.0522520542144775,2.2088756561279297,5.170013255866234,-0.9300999526226673,0.3237770267845622,-0.20094282925128937,0.047452297451505705,20000002
44,1.0884092771195804,-1.4964270465459533,-3.0524747371673584,2.197269916534424,5.053758901161482,-0.4856010058745228,0.7317738353018786,-0.011136610060930252,0.10625435470475232,20000002
45,1.3960682027612203,-1.5599961974704184,-3.0813040733337402,2.1864681243896484,4.807714072780294,-0.5340071334732014,0.7339694367176979,-1.441468358039856,0.236044828381188,20000002
46,1.2839900621755678,-1.1074863316521628,2.8858695030212402,2.4650886058807373,5.234500027275026,-0.6199400066937711,0.6719750700572411,-15.800592422485352,-0.4367859544947328,20000002
47,1.3376225711773266,-1.0472016515498446,2.745844841003418,2.5900700092315674,5.251532262906393,-0.8975820411989172,0.2457803601728684,-7.001229286193848,-0.027032235631366357,20000002
48,1.2583274106745188,-1.1386219696392548,2.757038116455078,2.6014158725738525,5.2249426169441975,-0.8984021542996218,0.3527009541479038,0.5596630573272705,0.01658964596219526,20000002
49,1.3969487389897084,-1.2591020799567763,2.727839708328247,2.6230530738830566,5.045431561254831,-0.806278187963999,0.46000081579124,-1.4599196910858154,0.16951105568936664,20000002
50,1.4889681494295013,-1.1048900716887051,2.6402361392974854,2.6782498359680176,5.117105699320431,-0.8363278414392593,0.4207140133683729,-4.380178451538086,-0.08167413806560052,20000002
51,1.6309611629010123,-1.0815341164129637,2.5532987117767334,2.7394766807556152,5.057084484214462,-0.8616255568507118,0.4245973916773898,-4.346867561340332,0.05002121510596936,20000002
52,1.4862221196235035,-1.3355900633806634,2.676058292388916,2.669541358947754,4.930875211648428,-0.8734596678490791,0.3758599220331012,6.137978553771973,0.11620927256603399,20000002
53,1.7647719840182732,-1.4674973099669122,2.7121810913085938,2.6019904613494873,4.662014772057111,-0.6026575073945956,0.16378332260912007,1.8061439990997314,0.2588604395913172,20000002
54,1.8275981642588264,-1.3496015860217052,2.6460206508636475,2.6430630683898926,4.725119707802038,-0.6625679576396358,0.2915765311195948,-3.3080263137817383,-0.07310493574492692,20000002
55,1.9713948251607605,-1.428006040162258,2.590590000152588,2.6815145015716553,4.581650055570027,-0.8553411778977953,0.4406883210057323,-2.771538257598877,0.13346965223201113,20000002
56,1.9027999993475821,-1.7125403337231777,2.6922905445098877,2.627573013305664,4.381950561340498,-0.8609032103780655,0.380789505670404,5.08503532409668,0.18969949422952825,20000002
57,2.145280731705743,-1.8093012275292184,2.676726818084717,2.6086008548736572,4.166578540728771,-0.6467063180252515,0.17553807917140124,-0.7781898379325867,0.20537202061172688,20000002
58,2.306531371089428,-1.6987589732052124,2.659031867980957,2.5794882774353027,4.176628417145452,-0.7907440140506274,0.3564502612758067,-0.8847472071647644,-0.020049876416680983,20000002
59,2.4248093485728384,-1.6875640669074177,2.579385280609131,2.6329944133758545,4.1283214817162825,-0.7662793615614941,0.40191837828118226,-3.9823265075683594,0.03830693542916986,20000002
60,2.330087231896411,-2.0349837827967847,2.6598992347717285,2.616928815841675,3.876890618220031,-0.8761528934704614,0.3589638775147527,4.025698661804199,0.24143086349625142,20000002
61,2.5246518258675046,-2.1818951930029495,2.6917834281921387,2.5615346431732178,3.6496946212190005,-0.7257493297704855,0.22318649156943032,1.594202995300293,0.21719599700103065,20000002
62,2.7372375936318076,-2.0047274790622422,2.6365408897399902,2.542844772338867,3.7022143972120327,-0.713276215503749,0.29113025217210003,-2.7621254920959473,-0.06251977599303225,20000002
63,2.8948995164408835,-1.9697949048760637,2.5222458839416504,2.6144328117370605,3.665768602060472,-0.8035173897600035,0.37177610284660384,-5.714753150939941,0.026445795151560654,20000002
64,2.7425214173146233,-2.319371619769051,2.62510085105896,2.5943164825439453,3.4216234221498523,-0.8901874874924789,0.257899416041328,5.142757892608643,0.23414517991061978,20000002
65,2.929622821784747,-2.513483104232225,2.6857099533081055,2.511786460876465,3.1618394949973214,-0.675147032947915,0.17131022998022644,3.0304436683654785,0.24978392715253084,20000002
66,3.175326298813093,-2.3907053193869556,2.617137908935547,2.4935624599456787,3.167804306541143,-0.6374095569968303,0.21665128102617873,-3.4285948276519775,-0.01596481154382156,20000002
67,3.3627301310438895,-2.314134032719211,2.4951300621032715,2.5517115592956543,3.1721601888586157,-0.8254766029865506,0.3195787084582725,-6.100395202636719,-0.014355882317472748,20000002
68,3.2309690118942127,-2.6287056296584237,2.5768027305603027,2.5479135513305664,2.927141095220504,-0.8852639490360072,0.21069007548393343,4.083630084991455,0.23501909363811158,20000002
69,3.3429721209838927,-2.8323960491601974,2.6803107261657715,2.436619281768799,2.6957191250688117,-0.7125452381838813,0.2168147063190462,5.175405025482178,0.2214219701516924,20000002
70,3.6776508638790717,-2.7958320118510196,2.6272833347320557,2.3662941455841064,2.617491725402807,-0.485713744994568,0.11896909333880756,-2.6513688564300537,0.06822739966600479,20000002
71,3.79871475405626,-2.701667835925431,2.501591205596924,2.4387755393981934,2.6781533266184154,-0.7900216965348147,0.2682577746255204,-6.284605979919434,-0.07066160121560848,20000002
72,3.8304959712155013,-2.9698630080282324,2.5056869983673096,2.4469857215881348,2.409897248733158,-0.8892123981142482,0.19470549747148555,0.20478582382202148,0.2582560778852574,20000002
73,3.776997064285906,-3.1407900572962286,2.6618757247924805,2.3318259716033936,2.2585131335429556,-0.8154395423031544,0.28634472161496966,7.809442520141602,0.14138411519020244,20000002
74,4.1483370810480125,-3.131432651999105,2.544715166091919,2.2844648361206055,2.1940389528015944,0.2477543188399391,0.5724604845552878,-5.858028411865234,0.05447418074136113,20000002
75,3.932026127381128,-3.003715330214435,2.5255653858184814,2.3886382579803467,2.3545975682576805,-0.6837226680430901,0.34687575120236624,-0.957496166229248,-0.17055861545608608,20000002
76,4.035437926861287,-2.7499956658651645,2.358046770095825,2.4972996711730957,2.586918680346335,-0.8425415973499872,0.4085541085610226,-8.375923156738281,-0.2423211120886546,20000002
77,4.062901974524941,-3.0094791112068706,2.4521470069885254,2.4074058532714844,2.326189982067499,-0.8869615099639827,0.14476124038696597,4.705012798309326,0.2507286982788359,20000002
78,3.928681436458973,-3.1794668066591307,2.465174913406372,2.466665029525757,2.1834230546145883,-0.5546690269278741,0.17593978611233155,0.651392936706543,0.13276692745291085,20000002
79,4.185295701237734,-3.2666339405603044,2.471508741378784,2.347478151321411,2.055558857734656,-0.825932687804254,0.3121441039152336,0.31668326258659363,0.11786419687993212,20000002
80,4.300870354321535,-3.1985969215691723,2.3825368881225586,2.3786447048187256,2.1144446478712116,-0.4638972881544357,0.5744018627730021,-4.44858455657959,-0.06888579013655537,20000002
81,4.235487532155492,-3.0789460580315287,2.300020933151245,2.487736940383911,2.237932338929944,-0.8724709523194274,0.20989459013919054,-4.125792503356934,-0.13348769105873237,20000002
82,4.1523433037039235,-3.1683399119762186,2.3786165714263916,2.4507124423980713,2.156916313097858,-0.8957093132803619,0.2683858097002712,3.9297804832458496,0.07101602583208579,20000002
83,4.202717464750378,-3.4638515037151087,2.415073871612549,2.4058830738067627,1.8576107340512815,-0.65107589309988,0.23613247408420707,1.8228650093078613,0.2893055790465766,20000002
84,4.280141863452059,-3.5251241328966483,2.3855230808258057,2.3961269855499268,1.789691934064552,-0.7342260017195293,0.257936462969404,-1.4775421619415283,0.05791879998672945,20000002
85,4.395314652266659,-3.378469752863781,2.2597568035125732,2.457127094268799,1.9320748706805757,-0.8327499379186691,0.27095477603781043,-6.288323402404785,-0.15238293661602365,20000002
86,4.4050729159834825,-3.6010914549676682,2.3291051387786865,2.382655620574951,1.7094339886236898,-0.889340360432264,0.1336230473006462,3.467423439025879,0.21264088205688592,20000002
87,4.258723568554526,-3.7394888286193795,2.329634666442871,2.4749629497528076,1.5777388656970337,-0.6358975315636748,0.2335586834532577,0.026480484753847122,0.12169512292665609,20000002
88,4.546085509978578,-3.8833841007845455,2.3309266567230225,2.282228946685791,1.4341966510368458,-0.8449436004490911,0.2953566535571089,0.0646001398563385,0.1335422146601879,20000002
89,4.6527947403256,-3.8198360943913707,2.2423336505889893,2.3046798706054688,1.511308394930713,-0.4316350122015057,0.5553985973151111,-4.4296555519104,-0.0871117438938671,20000002
90,4.668594080483326,-3.7039876302809134,2.1316778659820557,2.417477607727051,1.6281809584049425,-0.705749515166088,0.3957634306176581,-5.532793045043945,-0.1268725634742296,20000002
91,4.553443515005497,-3.8017234378508546,2.209737539291382,2.4039249420166016,1.5161847334979612,-0.8979801997275574,0.12997346008264024,3.902989625930786,0.10199622490698125,20000002
92,4.53446103592476,-4.0875698407394925,2.249392509460449,2.356720447540283,1.2298942766137506,-0.6607873751457168,0.2595738984691963,1.982752799987793,0.2762904568842106,20000002
93,4.631684843188813,-4.190401552816275,2.219331741333008,2.292520761489868,1.143030021942048,-0.723817614197196,0.2664384882757502,-1.5030412673950195,0.07686425467170267,20000002
94,4.838922685506163,-4.057442511522808,2.0747668743133545,2.3035480976104736,1.3264141985478064,-0.606331129322135,0.5185554650119752,-7.228242874145508,-0.19338417660575846,20000002
95,4.71968002053257,-4.31286124717786,2.190645694732666,2.2152907848358154,1.0464165998014276,-0.7208668704640879,0.1844840258107734,5.793939590454102,0.26999759874637874,20000002
96,4.625163260305525,-4.407051557044857,2.1554369926452637,2.3168797492980957,0.9301495023373922,0.07524931118854544,0.6557219583747644,-1.7604377269744873,10.106267097464036,20000002
